Team,Year,Operating Income ($Million),Average Ticket Price ($),Payroll ($Million),Luxury Tax ($Million),Home Attendance (Thousand),Wins,Wins (Lag=1),Playoff Wins,Playoff Wins (Lag=1),Championship,Championship (Lag=1),Championship (Lag=2),OIAdj,ATPAdj,PayRollAj,LuxTaxAdj
ATLANTA HAWKS,2004-05,8.9,37.68,29.183440,0.000000,592.729,13,28,0,0,0,0,0,11.650990,49.326888,38.204041,0.000000
BOSTON CELTICS,2004-05,8.4,55.93,57.812177,0.000000,656.081,45,36,3,0,0,0,0,10.996440,73.217963,75.681921,0.000000
BROOKLYN NETS,2004-05,-6.1,55.44,17.086511,0.000000,618.677,42,47,0,7,0,0,0,-7.985510,72.576504,22.367952,0.000000
CHARLOTTE HORNETS,2004-05,9.8,36.61,41.322190,0.000000,591.701,18,18,0,0,0,0,0,12.829180,47.926151,54.094879,0.000000
CHICAGO BULLS,2004-05,34.7,50.67,50.338880,0.000000,828.384,47,23,2,0,0,0,0,45.425770,66.332097,65.898628,0.000000
CLEVELAND CAVALIERS,2004-05,16.0,42.15,95.987088,0.000000,784.249,42,35,0,0,0,0,0,20.945600,55.178565,125.656697,0.000000
DALLAS MAVERICKS,2004-05,-17.8,53.60,46.883814,0.000000,822.533,58,52,6,1,0,0,0,-23.301980,70.167760,61.375601,0.000000
DENVER NUGGETS,2004-05,12.3,35.50,52.634889,0.000000,723.949,49,43,1,0,0,0,0,16.101930,46.473050,68.904333,0.000000
DETROIT PISTONS,2004-05,25.0,36.75,44.225165,0.000000,905.119,54,54,15,16,0,1,0,32.727500,48.109425,57.895164,0.000000
GOLDEN STATE WARRIORS,2004-05,-3.1,27.69,58.332783,0.000000,670.368,34,37,0,0,0,0,0,-4.058210,36.248979,76.363446,0.000000
HOUSTON ROCKETS,2004-05,25.8,55.22,75.432752,0.000000,663.444,51,45,3,1,0,0,0,33.774780,72.288502,98.749016,0.000000
INDIANA PACERS,2004-05,8.5,42.82,46.518542,0.000000,696.764,44,61,6,10,0,0,0,11.127350,56.055662,60.897423,0.000000
LOS ANGELES CLIPPERS,2004-05,14.6,43.40,65.138976,0.000000,696.181,37,28,0,0,0,0,0,19.112860,56.814940,85.273433,0.000000
LOS ANGELES LAKERS,2004-05,38.2,77.66,59.075657,0.000000,770.494,34,56,0,13,0,0,0,50.007620,101.664706,77.335943,0.000000
MEMPHIS GRIZZLIES,2004-05,-15.6,41.00,57.876947,0.000000,691.362,45,50,0,0,0,0,0,-20.421960,53.673100,75.766711,0.000000
MIAMI HEAT,2004-05,11.5,46.25,34.557522,0.000000,815.143,59,42,11,6,0,0,0,15.054650,60.545875,45.239252,0.000000
MILWAUKEE BUCKS,2004-05,-1.5,39.71,70.123371,0.000000,637.009,30,41,0,1,0,0,0,-1.963650,51.984361,91.798505,0.000000
MINNESOTA TIMBERWOLVES,2004-05,-5.0,38.15,44.713384,0.000000,704.438,44,58,0,10,0,0,0,-6.545500,49.942165,58.534291,0.000000
NEW ORLEANS PELICANS,2004-05,-3.9,31.00,32.386856,0.000000,583.070,18,41,0,3,0,0,0,-5.105490,40.582100,42.397633,0.000000
NEW YORK KNICKS,2004-05,25.2,70.51,94.659993,0.000000,800.144,33,39,0,0,0,0,0,32.989320,92.304641,123.919397,0.000000
OKLAHOMA CITY THUNDER,2004-05,-7.8,34.01,54.184357,0.000000,675.490,52,37,6,0,0,0,0,-10.210980,44.522491,70.932742,0.000000
ORLANDO MAGIC,2004-05,-9.5,37.66,67.390203,0.000000,597.942,36,21,0,0,0,0,0,-12.436450,49.300706,88.220515,0.000000
PHILADELPHIA 76ERS,2004-05,0.7,42.36,64.225539,0.000000,732.686,43,33,1,0,0,0,0,0.916370,55.453476,84.077653,0.000000
PHOENIX SUNS,2004-05,40.4,48.99,36.369533,0.000000,726.066,62,29,9,0,0,0,0,52.887640,64.132809,47.611356,0.000000
PORTLAND TRAILBLAZERS,2004-05,-31.5,46.30,78.687727,0.000000,680.374,27,41,0,0,0,0,0,-41.236650,60.611330,103.010103,0.000000
SACRAMENTO KINGS,2004-05,10.0,66.00,57.886869,0.000000,709.997,50,55,1,7,0,0,0,13.091000,86.400600,75.779700,0.000000
SAN ANTONIO SPURS,2004-05,23.7,42.26,47.526392,0.000000,750.970,59,57,16,6,1,0,1,31.025670,55.322566,62.216800,0.000000
TORONTO RAPTORS,2004-05,-1.3,38.42,53.051390,0.000000,703.388,33,33,0,0,0,0,0,-1.701830,50.295622,69.449575,0.000000
UTAH JAZZ,2004-05,9.4,37.93,38.795714,0.000000,769.014,26,42,0,0,0,0,0,12.305540,49.654163,50.787469,0.000000
WASHINGTON WIZARDS,2004-05,14.3,46.83,48.797362,0.000000,705.069,45,25,4,0,0,0,0,18.720130,61.305153,63.880627,0.000000
ATLANTA HAWKS,2005-06,12.9,41.43,73.264898,0.000000,617.817,26,13,0,0,0,0,0,16.358490,52.537383,92.907217,0.000000
BOSTON CELTICS,2005-06,15.7,55.93,105.190044,0.000000,692.513,33,45,0,3,0,0,0,19.909170,70.924833,133.391495,0.000000
BROOKLYN NETS,2005-06,-8.0,55.44,60.627290,0.000000,691.543,49,42,5,0,0,0,0,-10.144800,70.303464,76.881466,0.000000
CHARLOTTE HORNETS,2005-06,11.9,36.13,75.315544,0.000000,671.011,26,18,0,0,0,0,0,15.090390,45.816453,95.507641,0.000000
CHICAGO BULLS,2005-06,48.5,52.54,103.637144,0.000000,868.720,41,47,2,2,0,0,0,61.502850,66.625974,131.422262,0.000000
CLEVELAND CAVALIERS,2005-06,23.9,42.52,136.542804,0.000000,792.391,50,42,7,0,0,0,0,30.307590,53.919612,173.149930,0.000000
DALLAS MAVERICKS,2005-06,-24.4,53.60,107.688920,17.330000,824.993,60,58,14,6,0,0,0,-30.941640,67.970160,136.560319,21.976173
DENVER NUGGETS,2005-06,9.4,36.98,112.821758,0.000000,702.555,44,49,1,1,0,0,0,11.920140,46.894338,143.069271,0.000000
DETROIT PISTONS,2005-06,21.8,36.75,114.915048,0.000000,883.040,64,54,10,15,0,0,1,27.644580,46.602675,145.723772,0.000000
GOLDEN STATE WARRIORS,2005-06,6.3,23.82,104.704026,0.000000,730.928,34,34,0,0,0,0,0,7.989030,30.206142,132.775175,0.000000
HOUSTON ROCKETS,2005-06,21.4,55.59,133.133540,0.000000,636.110,34,51,0,3,0,0,0,27.137340,70.493679,168.826642,0.000000
INDIANA PACERS,2005-06,-12.5,45.79,102.565580,0.000000,663.368,41,44,2,6,0,0,0,-15.851250,58.066299,130.063412,0.000000
LOS ANGELES CLIPPERS,2005-06,15.7,46.38,108.431668,0.000000,712.409,47,37,7,0,0,0,0,19.909170,58.814478,137.502198,0.000000
LOS ANGELES LAKERS,2005-06,33.3,79.21,129.239540,0.000000,774.189,45,34,3,0,0,0,0,42.227730,100.446201,163.888661,0.000000
MEMPHIS GRIZZLIES,2005-06,-18.5,35.29,119.302936,3.740000,647.533,49,45,0,0,0,0,0,-23.459850,44.751249,151.288053,4.742694
MIAMI HEAT,2005-06,20.5,50.87,112.980494,0.000000,818.149,52,59,16,11,1,0,0,25.996050,64.508247,143.270564,0.000000
MILWAUKEE BUCKS,2005-06,1.5,42.78,108.517312,0.000000,681.337,40,30,1,0,0,0,0,1.902150,54.249318,137.610803,0.000000
MINNESOTA TIMBERWOLVES,2005-06,4.6,40.60,123.195800,0.000000,648.167,33,44,0,0,0,0,0,5.833260,51.484860,156.224594,0.000000
NEW ORLEANS PELICANS,2005-06,12.9,28.61,87.233490,0.000000,744.920,38,18,0,0,0,0,0,16.358490,36.280341,110.620789,0.000000
NEW YORK KNICKS,2005-06,-39.0,70.51,185.808208,37.250000,776.176,23,33,0,0,0,0,0,-49.455900,89.413731,235.623389,47.236725
OKLAHOMA CITY THUNDER,2005-06,3.6,32.54,46.878397,0.000000,744.920,35,52,0,6,0,0,0,4.565160,41.263974,59.446495,0.000000
ORLANDO MAGIC,2005-06,-20.4,37.66,105.847784,7.760000,638.005,36,36,0,0,0,0,0,-25.869240,47.756646,134.225575,9.840456
PHILADELPHIA 76ERS,2005-06,-6.2,44.47,119.493262,4.670000,677.248,38,43,0,1,0,0,0,-7.862220,56.392407,151.529406,5.922027
PHOENIX SUNS,2005-06,34.5,51.66,119.390840,0.000000,730.179,54,62,10,9,0,0,0,43.749450,65.510046,151.399524,0.000000
PORTLAND TRAILBLAZERS,2005-06,-15.2,42.59,102.184376,0.000000,617.199,21,27,0,0,0,0,0,-19.275120,54.008379,129.580007,0.000000
SACRAMENTO KINGS,2005-06,16.4,59.80,121.055700,0.000000,709.997,44,50,2,1,0,0,0,20.796840,75.832380,153.510733,0.000000
SAN ANTONIO SPURS,2005-06,11.7,45.00,159.269716,0.900000,770.677,63,59,7,16,0,1,0,14.836770,57.064500,201.969927,1.141290
TORONTO RAPTORS,2005-06,8.4,40.67,69.119992,0.000000,699.242,27,33,0,0,0,0,0,10.652040,51.573627,87.651062,0.000000
UTAH JAZZ,2005-06,1.4,39.50,115.512572,0.000000,751.621,41,26,0,0,0,0,0,1.775340,50.089950,146.481493,0.000000
WASHINGTON WIZARDS,2005-06,14.8,46.83,100.487962,0.000000,684.889,42,45,2,4,0,0,0,18.767880,59.385123,127.428785,0.000000
ATLANTA HAWKS,2006-07,9.7,42.18,47.812036,0.000000,639.375,30,26,0,0,0,0,0,11.960100,52.007940,58.952240,0.000000
BOSTON CELTICS,2006-07,18.3,57.04,53.620490,0.000000,690.576,24,33,0,0,0,0,0,22.563900,70.330320,66.114064,0.000000
BROOKLYN NETS,2006-07,-1.3,60.98,41.961743,0.000000,678.885,41,49,6,5,0,0,0,-1.602900,75.188340,51.738829,0.000000
CHARLOTTE HORNETS,2006-07,5.3,24.58,54.699276,0.000000,637.520,33,26,0,0,0,0,0,6.534900,30.307140,67.444207,0.000000
CHICAGO BULLS,2006-07,59.3,54.62,61.030472,0.000000,912.364,49,41,6,2,0,0,0,73.116900,67.346460,75.250572,0.000000
CLEVELAND CAVALIERS,2006-07,31.9,50.02,64.821094,0.000000,837.883,50,50,12,7,0,0,0,39.332700,61.674660,79.924409,0.000000
DALLAS MAVERICKS,2006-07,-1.6,54.24,65.000230,7.200000,814.009,67,60,2,14,0,0,0,-1.972800,66.877920,80.145284,8.877600
DENVER NUGGETS,2006-07,-4.8,42.72,75.517622,2.020000,706.437,45,44,1,1,0,0,0,-5.918400,52.673760,93.113228,2.490660
DETROIT PISTONS,2006-07,39.2,46.23,62.120690,0.000000,905.116,53,64,10,10,0,0,0,48.333600,57.001590,76.594811,0.000000
GOLDEN STATE WARRIORS,2006-07,1.3,26.63,62.627349,0.000000,742.267,42,34,5,0,0,0,0,1.602900,32.834790,77.219521,0.000000
HOUSTON ROCKETS,2006-07,29.7,38.64,61.526247,0.000000,678.262,52,34,3,0,0,0,0,36.620100,47.643120,75.861863,0.000000
INDIANA PACERS,2006-07,-1.3,42.39,58.202032,0.000000,629.750,35,41,0,2,0,0,0,-1.602900,52.266870,71.763105,0.000000
LOS ANGELES CLIPPERS,2006-07,9.8,52.49,60.631869,0.000000,755.261,40,47,0,7,0,0,0,12.083400,64.720170,74.759094,0.000000
LOS ANGELES LAKERS,2006-07,31.8,85.38,47.055458,0.000000,778.415,42,45,1,3,0,0,0,39.209400,105.273540,58.019380,0.000000
MEMPHIS GRIZZLIES,2006-07,-10.9,35.49,78.203790,0.000000,600.836,22,49,0,0,0,0,0,-13.439700,43.759170,96.425273,0.000000
MIAMI HEAT,2006-07,17.9,56.55,54.633510,0.000000,808.741,44,52,0,16,0,1,0,22.070700,69.726150,67.363118,0.000000
MILWAUKEE BUCKS,2006-07,1.7,46.03,66.734452,0.000000,663.629,28,40,0,1,0,0,0,2.096100,56.754990,82.283579,0.000000
MINNESOTA TIMBERWOLVES,2006-07,-1.9,40.26,64.870209,1.000000,655.947,32,33,0,0,0,0,0,-2.342700,49.640580,79.984968,1.233000
NEW ORLEANS PELICANS,2006-07,10.2,29.10,53.171676,0.000000,731.165,39,38,0,0,0,0,0,12.576600,35.880300,65.560677,0.000000
NEW YORK KNICKS,2006-07,-42.2,70.51,81.672615,45.140000,770.617,33,23,0,0,0,0,0,-52.032600,86.938830,100.702334,55.657620
OKLAHOMA CITY THUNDER,2006-07,-5.7,34.30,56.647817,0.000000,731.065,31,35,0,0,0,0,0,-7.028100,42.291900,69.846758,0.000000
ORLANDO MAGIC,2006-07,4.6,35.29,60.527557,0.000000,700.887,40,36,0,0,0,0,0,5.671800,43.512570,74.630478,0.000000
PHILADELPHIA 76ERS,2006-07,-2.8,46.83,44.407250,0.000000,615.480,35,38,0,0,0,0,0,-3.452400,57.741390,54.754139,0.000000
PHOENIX SUNS,2006-07,37.3,53.68,82.440784,0.000000,755.302,61,54,6,10,0,0,0,45.990900,66.187440,101.649487,0.000000
PORTLAND TRAILBLAZERS,2006-07,-25.1,45.34,64.751726,0.000000,670.778,32,21,0,0,0,0,0,-30.948300,55.904220,79.838878,0.000000
SACRAMENTO KINGS,2006-07,20.5,59.80,61.065219,0.000000,709.817,33,44,0,2,0,0,0,25.276500,73.733400,75.293415,0.000000
SAN ANTONIO SPURS,2006-07,15.5,45.88,65.645095,0.200000,764.823,58,63,16,7,1,0,1,19.111500,56.570040,80.940402,0.246600
TORONTO RAPTORS,2006-07,28.8,47.00,42.223168,0.000000,748.603,47,27,2,0,0,0,0,35.510400,57.951000,52.061166,0.000000
UTAH JAZZ,2006-07,5.7,38.75,60.325348,0.000000,802.294,51,41,9,0,0,0,0,7.028100,47.778750,74.381154,0.000000
WASHINGTON WIZARDS,2006-07,11.6,46.83,61.853822,0.000000,753.283,41,42,0,2,0,0,0,14.302800,57.741390,76.265763,0.000000
ATLANTA HAWKS,2007-08,6.7,38.00,58.531493,0.000000,667.518,37,30,3,0,0,0,0,7.955580,45.121200,69.500295,0.000000
BOSTON CELTICS,2007-08,20.1,65.43,73.812248,8.220000,763.584,66,24,16,0,1,0,0,23.866740,77.691582,87.644663,9.760428
BROOKLYN NETS,2007-08,-0.9,60.98,51.725077,0.000000,641.921,34,41,0,6,0,0,0,-1.068660,72.407652,61.418356,0.000000
CHARLOTTE HORNETS,2007-08,-4.9,29.10,62.413599,0.000000,603.403,32,33,0,0,0,0,0,-5.818260,34.553340,74.109907,0.000000
CHICAGO BULLS,2007-08,55.4,63.00,79.043364,0.000000,901.502,33,49,0,6,0,0,0,65.781960,74.806200,93.856090,0.000000
CLEVELAND CAVALIERS,2007-08,13.1,56.10,87.825870,14.010000,839.074,45,50,7,12,0,0,0,15.554940,66.613140,104.284438,16.635474
DALLAS MAVERICKS,2007-08,-13.6,60.56,81.177202,19.610000,831.738,51,67,1,2,0,0,0,-16.148640,71.908944,96.389810,23.284914
DENVER NUGGETS,2007-08,-26.3,44.29,66.561030,13.570000,711.962,50,45,0,1,0,0,0,-31.228620,52.589946,79.034567,16.113018
DETROIT PISTONS,2007-08,40.4,47.50,74.239480,0.000000,905.116,59,53,10,10,0,0,0,47.970960,56.401500,88.151959,0.000000
GOLDEN STATE WARRIORS,2007-08,14.2,31.13,77.637117,0.000000,804.864,48,42,0,5,0,0,0,16.861080,36.963762,92.186313,0.000000
HOUSTON ROCKETS,2007-08,31.2,41.98,66.879374,0.000000,718.524,55,52,2,3,0,0,0,37.046880,49.847052,79.412569,0.000000
INDIANA PACERS,2007-08,-6.5,42.39,63.202582,0.000000,501.092,36,35,0,0,0,0,0,-7.718100,50.333886,75.046746,0.000000
LOS ANGELES CLIPPERS,2007-08,10.7,57.00,69.978984,0.000000,692.408,23,40,0,0,0,0,0,12.705180,67.681800,83.093046,0.000000
LOS ANGELES LAKERS,2007-08,47.9,89.24,54.472106,0.000000,778.877,57,42,14,1,0,0,0,56.876460,105.963576,64.680179,0.000000
MEMPHIS GRIZZLIES,2007-08,-3.2,36.82,74.736115,0.000000,523.578,22,22,0,0,0,0,0,-3.799680,43.720068,88.741663,0.000000
MIAMI HEAT,2007-08,-1.1,58.55,62.317859,8.320000,798.004,15,44,0,0,0,0,1,-1.306140,69.522270,73.996226,9.879168
MILWAUKEE BUCKS,2007-08,5.4,47.64,51.128758,0.000000,639.421,26,28,0,0,0,0,0,6.411960,56.567736,60.710287,0.000000
MINNESOTA TIMBERWOLVES,2007-08,-5.7,39.37,66.609387,0.000000,593.537,22,32,0,0,0,0,0,-6.768180,46.747938,79.091986,0.000000
NEW ORLEANS PELICANS,2007-08,3.2,24.58,60.331047,0.000000,581.432,56,39,7,0,0,0,0,3.799680,29.186292,71.637085,0.000000
NEW YORK KNICKS,2007-08,29.6,70.51,92.817398,19.720000,782.993,23,33,0,0,0,0,0,35.147040,83.723574,110.211378,23.415528
OKLAHOMA CITY THUNDER,2007-08,-9.4,35.00,52.600205,0.000000,547.556,20,31,0,0,0,0,0,-11.161560,41.559000,62.457483,0.000000
ORLANDO MAGIC,2007-08,6.2,38.46,61.841463,0.000000,709.346,52,40,5,0,0,0,0,7.361880,45.667404,73.430553,0.000000
PHILADELPHIA 76ERS,2007-08,0.3,43.00,57.777929,0.000000,609.675,40,35,2,0,0,0,0,0.356220,51.058200,68.605513,0.000000
PHOENIX SUNS,2007-08,28.9,58.26,71.227313,3.870000,755.302,55,61,1,6,0,0,0,34.315860,69.177924,84.575311,4.595238
PORTLAND TRAILBLAZERS,2007-08,-0.9,47.34,57.200851,0.000000,801.566,41,32,0,0,0,0,0,-1.068660,56.211516,67.920290,0.000000
SACRAMENTO KINGS,2007-08,7.0,59.80,50.531216,0.000000,580.178,38,33,0,0,0,0,0,8.311800,71.006520,60.000766,0.000000
SAN ANTONIO SPURS,2007-08,19.0,51.45,72.459350,0.000000,761.149,56,58,9,16,0,1,0,22.560600,61.091730,86.038232,0.000000
TORONTO RAPTORS,2007-08,27.7,55.11,63.762305,0.000000,796.835,41,47,1,2,0,0,0,32.890980,65.437614,75.711361,0.000000
UTAH JAZZ,2007-08,8.8,41.31,54.683522,0.000000,816.211,54,51,6,9,0,0,0,10.449120,49.051494,64.931214,0.000000
WASHINGTON WIZARDS,2007-08,14.9,30.89,61.133847,0.000000,736.391,43,41,2,0,0,0,0,17.692260,36.678786,72.590330,0.000000
ATLANTA HAWKS,2008-09,-2.0,36.90,68.607953,0.000000,686.688,47,37,4,3,0,0,0,-2.383400,43.973730,81.760098,0.000000
BOSTON CELTICS,2008-09,12.9,68.55,78.738973,8.290000,763.584,62,66,7,16,0,1,0,15.372930,81.691035,93.833234,9.879193
BROOKLYN NETS,2008-09,-13.9,54.98,68.004277,0.000000,621.062,34,34,0,0,0,0,0,-16.564630,65.519666,81.040697,0.000000
CHARLOTTE HORNETS,2008-09,-15.1,33.25,71.400091,0.000000,581.049,35,32,0,0,0,0,0,-17.994670,39.624025,85.087488,0.000000
CHICAGO BULLS,2008-09,51.0,64.25,90.794387,0.000000,847.903,41,33,3,0,0,0,0,60.776700,76.566725,108.199671,0.000000
CLEVELAND CAVALIERS,2008-09,5.0,55.95,92.503500,13.710000,820.439,66,45,10,7,0,0,0,5.958500,66.675615,110.236421,16.338207
DALLAS MAVERICKS,2008-09,-17.4,62.10,67.068631,23.610000,821.723,50,51,5,1,0,0,0,-20.735580,74.004570,79.925688,28.136037
DENVER NUGGETS,2008-09,4.6,47.30,77.046985,0.000000,706.165,54,50,10,0,0,0,0,5.481820,56.367410,91.816892,0.000000
DETROIT PISTONS,2008-09,46.9,47.50,64.549630,0.000000,896.971,39,59,0,10,0,0,0,55.890730,56.605750,76.923794,0.000000
GOLDEN STATE WARRIORS,2008-09,11.9,39.00,69.577785,0.000000,776.660,29,48,0,0,0,0,0,14.181230,46.476300,82.915846,0.000000
HOUSTON ROCKETS,2008-09,30.3,43.40,69.623798,0.000000,699.280,53,55,7,2,0,0,0,36.108510,51.719780,82.970680,0.000000
INDIANA PACERS,2008-09,-15.7,41.09,61.883344,0.000000,581.472,36,36,0,0,0,0,0,-18.709690,48.966953,73.746381,0.000000
LOS ANGELES CLIPPERS,2008-09,10.0,54.50,80.745793,0.000000,646.830,19,23,0,0,0,0,0,11.917000,64.947650,96.224762,0.000000
LOS ANGELES LAKERS,2008-09,51.1,93.25,66.460021,0.000000,778.877,65,57,16,14,1,0,0,60.895870,111.126025,79.200407,0.000000
MEMPHIS GRIZZLIES,2008-09,-7.1,24.11,54.346083,0.000000,509.806,24,22,0,0,0,0,0,-8.461070,28.731887,64.764227,0.000000
MIAMI HEAT,2008-09,8.0,58.55,70.220238,0.000000,729.178,43,15,3,0,0,0,0,9.533600,69.774035,83.681458,0.000000
MILWAUKEE BUCKS,2008-09,-7.4,47.86,63.525735,0.000000,630.976,34,26,0,0,0,0,0,-8.818580,57.034762,75.703618,0.000000
MINNESOTA TIMBERWOLVES,2008-09,-6.8,36.26,62.425445,0.000000,594.743,24,22,0,0,0,0,0,-8.103560,43.211042,74.392403,0.000000
NEW ORLEANS PELICANS,2008-09,-0.1,25.17,67.017804,0.000000,695.727,49,56,1,7,0,0,0,-0.119170,29.995089,79.865117,0.000000
NEW YORK KNICKS,2008-09,21.0,70.51,97.085751,23.710000,790.801,32,23,0,0,0,0,0,25.025700,84.026767,115.697089,28.255207
OKLAHOMA CITY THUNDER,2008-09,12.7,36.35,61.567564,0.000000,747.732,23,20,0,0,0,0,0,15.134590,43.318295,73.370066,0.000000
ORLANDO MAGIC,2008-09,-2.2,40.30,69.117198,0.000000,698.768,59,52,13,5,0,0,0,-2.621740,48.025510,82.366965,0.000000
PHILADELPHIA 76ERS,2008-09,7.6,43.00,72.861445,0.000000,647.898,41,40,2,2,0,0,0,9.056920,51.243100,86.828984,0.000000
PHOENIX SUNS,2008-09,20.7,64.16,75.449279,4.920000,755.302,46,55,0,1,0,0,0,24.668190,76.459472,89.912906,5.863164
PORTLAND TRAILBLAZERS,2008-09,-20.3,61.21,56.154803,5.899000,841.499,54,41,2,0,0,0,0,-24.191510,72.943957,66.919679,7.029838
SACRAMENTO KINGS,2008-09,-2.8,59.80,71.075103,0.000000,502.852,17,38,0,0,0,0,0,-3.336760,71.263660,84.700200,0.000000
SAN ANTONIO SPURS,2008-09,19.1,56.37,68.403480,0.000000,749.048,54,56,1,9,0,0,1,22.761470,67.176129,81.516427,0.000000
TORONTO RAPTORS,2008-09,18.0,45.31,95.358923,0.000000,769.707,33,41,0,1,0,0,0,21.450600,53.995927,113.639229,0.000000
UTAH JAZZ,2008-09,7.9,43.90,66.266407,0.000000,816.042,48,54,1,6,0,0,0,9.414430,52.315630,78.969677,0.000000
WASHINGTON WIZARDS,2008-09,4.9,29.14,69.176589,0.000000,681.117,19,43,0,2,0,0,0,5.839330,34.726138,82.437741,0.000000
ATLANTA HAWKS,2009-10,-7.3,35.74,70.198210,0.000000,678.375,53,47,4,4,0,0,0,-8.558520,41.901576,82.300381,0.000000
BOSTON CELTICS,2009-10,4.2,68.55,84.815811,14.930000,744.961,50,62,15,7,0,0,1,4.924080,80.368020,99.438057,17.503932
BROOKLYN NETS,2009-10,-10.2,44.51,73.084292,0.000000,537.230,12,34,0,0,0,0,0,-11.958480,52.183524,85.684024,0.000000
CHARLOTTE HORNETS,2009-10,-20.0,33.25,78.469779,0.000000,648.790,44,35,0,0,0,0,0,-23.448000,38.982300,91.997969,0.000000
CHICAGO BULLS,2009-10,51.3,64.25,116.902727,0.000000,849.760,41,41,1,3,0,0,0,60.144120,75.326700,137.056757,0.000000
CLEVELAND CAVALIERS,2009-10,2.6,55.97,88.312340,15.410000,843.042,61,66,6,10,0,0,0,3.048240,65.619228,103.537387,18.066684
DALLAS MAVERICKS,2009-10,-7.8,51.51,75.580222,17.580000,819.770,55,50,2,5,0,0,0,-9.144720,60.390324,88.610252,20.610792
DENVER NUGGETS,2009-10,-11.7,47.30,62.757140,5.560000,737.812,53,54,2,10,0,0,0,-13.717080,55.454520,73.576471,6.518544
DETROIT PISTONS,2009-10,31.8,47.51,70.639719,0.000000,768.826,27,39,0,0,0,0,0,37.282320,55.700724,82.818007,0.000000
GOLDEN STATE WARRIORS,2009-10,14.3,37.51,92.713977,0.000000,739.120,26,29,0,0,0,0,0,16.765320,43.976724,108.697867,0.000000
HOUSTON ROCKETS,2009-10,35.9,42.87,70.516057,0.000000,677.658,42,53,0,7,0,0,0,42.089160,50.260788,82.673025,0.000000
INDIANA PACERS,2009-10,-16.9,30.03,32.158856,0.000000,582.295,32,36,0,0,0,0,0,-19.813560,35.207172,37.703043,0.000000
LOS ANGELES CLIPPERS,2009-10,11.0,53.50,77.203679,0.000000,670.063,29,19,0,0,0,0,0,12.896400,62.723400,90.513593,0.000000
LOS ANGELES LAKERS,2009-10,33.4,93.29,83.230241,0.000000,778.877,57,65,16,16,1,1,0,39.158160,109.373196,97.579135,0.000000
MEMPHIS GRIZZLIES,2009-10,-2.6,24.12,77.135159,0.000000,552.914,40,24,0,0,0,0,0,-3.048240,28.278288,90.433260,0.000000
MIAMI HEAT,2009-10,-5.9,58.57,76.227006,3.040000,726.935,47,43,1,3,0,0,0,-6.917160,68.667468,89.368542,3.564096
MILWAUKEE BUCKS,2009-10,-2.0,47.87,77.455197,0.000000,619.453,46,34,3,0,0,0,0,-2.344800,56.122788,90.808473,0.000000
MINNESOTA TIMBERWOLVES,2009-10,-6.7,34.50,66.383879,0.000000,619.170,15,24,0,0,0,0,0,-7.855080,40.447800,77.828460,0.000000
NEW ORLEANS PELICANS,2009-10,-5.9,29.26,74.250064,0.000000,620.366,37,49,0,1,0,0,0,-6.917160,34.304424,87.050775,0.000000
NEW YORK KNICKS,2009-10,64.0,88.66,114.338560,5.200000,799.550,29,32,0,0,0,0,0,75.033600,103.944984,134.050528,6.096480
OKLAHOMA CITY THUNDER,2009-10,22.6,47.12,66.171801,0.000000,738.149,50,23,2,0,0,0,0,26.496240,55.243488,77.579819,0.000000
ORLANDO MAGIC,2009-10,-23.1,40.30,82.329491,11.050000,715.901,59,59,10,13,0,0,0,-27.082440,47.247720,96.523095,12.955020
PHILADELPHIA 76ERS,2009-10,-1.2,43.02,69.926347,0.000000,583.219,27,41,0,2,0,0,0,-1.406880,50.436648,81.981649,0.000000
PHOENIX SUNS,2009-10,20.4,64.17,79.428800,4.960000,723.582,54,46,10,0,0,0,0,23.916960,75.232908,93.122325,5.815104
PORTLAND TRAILBLAZERS,2009-10,10.7,46.44,84.469848,0.000000,840.411,50,54,2,2,0,0,0,12.544680,54.446256,99.032450,0.000000
SACRAMENTO KINGS,2009-10,-9.8,57.49,61.120985,0.000000,543.416,25,17,0,0,0,0,0,-11.489520,67.401276,71.658243,0.000000
SAN ANTONIO SPURS,2009-10,-4.7,55.45,77.276044,8.810000,741.676,50,54,4,1,0,0,0,-5.510280,65.009580,90.598434,10.328844
TORONTO RAPTORS,2009-10,25.3,52.33,75.601958,0.000000,733.784,40,33,0,0,0,0,0,29.661720,61.351692,88.635736,0.000000
UTAH JAZZ,2009-10,-3.9,43.88,75.213100,3.110000,794.512,53,48,4,1,0,0,0,-4.572360,51.444912,88.179838,3.646164
WASHINGTON WIZARDS,2009-10,-5.2,27.21,63.456429,0.000000,664.398,26,19,0,0,0,0,0,-6.096480,31.901004,74.396317,0.000000
ATLANTA HAWKS,2010-11,-14.7,36.13,70.466181,0.000000,641.596,44,53,6,4,0,0,0,-16.708020,41.065358,80.091861,0.000000
BOSTON CELTICS,2010-11,7.7,68.55,78.157392,5.690000,763.584,56,50,5,15,0,0,0,8.751820,77.913930,88.833692,6.467254
BROOKLYN NETS,2010-11,-23.6,40.50,65.721604,0.000000,581.378,24,12,0,0,0,0,0,-26.823760,46.032300,74.699175,0.000000
CHARLOTTE HORNETS,2010-11,-25.5,29.96,56.820182,0.000000,649.694,34,44,0,0,0,0,0,-28.983300,34.052536,64.581819,0.000000
CHICAGO BULLS,2010-11,59.4,64.25,52.359481,0.000000,893.462,62,41,9,1,0,0,0,67.514040,73.026550,59.511786,0.000000
CLEVELAND CAVALIERS,2010-11,32.9,52.28,86.376376,0.000000,824.595,19,61,0,6,0,0,0,37.394140,59.421448,98.175389,0.000000
DALLAS MAVERICKS,2010-11,-3.9,49.45,82.720711,18.920000,824.162,57,55,16,2,1,0,0,-4.432740,56.204870,94.020360,21.504472
DENVER NUGGETS,2010-11,-1.2,47.30,65.616821,0.000000,692.968,50,53,1,2,0,0,0,-1.363920,53.761180,74.580079,0.000000
DETROIT PISTONS,2010-11,9.7,42.76,66.427992,0.000000,683.080,30,27,0,0,0,0,0,11.025020,48.601016,75.502056,0.000000
GOLDEN STATE WARRIORS,2010-11,22.2,34.13,74.082615,0.000000,766.398,36,26,0,0,0,0,0,25.232520,38.792158,84.202300,0.000000
HOUSTON ROCKETS,2010-11,17.9,41.41,58.917821,0.760000,663.839,43,42,0,0,0,0,0,20.345140,47.066606,66.965995,0.863816
INDIANA PACERS,2010-11,-10.5,29.13,53.819482,0.000000,555.077,37,32,1,0,0,0,0,-11.934300,33.109158,61.171223,0.000000
LOS ANGELES CLIPPERS,2010-11,9.4,51.47,90.025159,0.000000,727.462,32,29,0,0,0,0,0,10.684040,58.500802,102.322596,0.000000
LOS ANGELES LAKERS,2010-11,24.3,95.25,59.662924,0.000000,778.877,57,57,4,16,0,1,1,27.619380,108.261150,67.812879,0.000000
MEMPHIS GRIZZLIES,2010-11,-24.8,23.18,65.043643,0.000000,600.687,46,40,7,0,0,0,0,-28.187680,26.346388,73.928605,0.000000
MIAMI HEAT,2010-11,26.0,60.50,70.070508,0.000000,810.930,58,47,14,1,0,0,0,29.551600,68.764300,79.642139,0.000000
MILWAUKEE BUCKS,2010-11,-7.6,46.00,45.615935,0.000000,631.910,35,46,0,3,0,0,0,-8.638160,52.283600,51.847072,0.000000
MINNESOTA TIMBERWOLVES,2010-11,-6.8,31.50,58.794297,0.000000,624.960,17,15,0,0,0,0,0,-7.728880,35.802900,66.825598,0.000000
NEW ORLEANS PELICANS,2010-11,-2.7,29.26,63.969188,0.000000,603.088,46,37,2,0,0,0,0,-3.068820,33.256916,72.707379,0.000000
NEW YORK KNICKS,2010-11,74.9,88.66,58.661738,0.000000,808.879,42,29,0,0,0,0,0,85.131340,100.770956,66.674931,0.000000
OKLAHOMA CITY THUNDER,2010-11,24.5,45.99,57.336915,0.000000,744.068,55,50,9,2,0,0,0,27.846700,52.272234,65.169138,0.000000
ORLANDO MAGIC,2010-11,-16.0,43.00,89.037684,20.180000,777.852,52,59,2,10,0,0,0,-18.185600,48.873800,101.200232,22.936588
PHILADELPHIA 76ERS,2010-11,-10.3,41.00,72.431609,0.000000,604.823,41,27,1,0,0,0,0,-11.706980,46.600600,82.325767,0.000000
PHOENIX SUNS,2010-11,13.1,62.50,65.263589,0.000000,720.249,40,54,0,10,0,0,0,14.889460,71.037500,74.178595,0.000000
PORTLAND TRAILBLAZERS,2010-11,-8.1,50.62,68.806480,0.000000,840.924,48,50,2,2,0,0,0,-9.206460,57.534692,78.205445,0.000000
SACRAMENTO KINGS,2010-11,6.4,51.80,44.043590,0.000000,569.496,24,25,0,0,0,0,0,7.274240,58.875880,50.059944,0.000000
SAN ANTONIO SPURS,2010-11,14.4,56.34,69.456892,0.000000,750.879,61,50,2,4,0,0,0,16.367040,64.036044,78.944703,0.000000
TORONTO RAPTORS,2010-11,7.4,50.97,66.363636,0.000000,679.208,22,40,0,0,0,0,0,8.410840,57.932502,75.428909,0.000000
UTAH JAZZ,2010-11,-16.4,41.47,78.390786,5.000000,799.982,39,53,0,4,0,0,0,-18.640240,47.134802,89.098967,5.683000
WASHINGTON WIZARDS,2010-11,-3.4,24.52,59.206652,0.000000,688.466,23,26,0,0,0,0,0,-3.864440,27.869432,67.294281,0.000000
ATLANTA HAWKS,2011-12,-18.7,36.13,71.683612,2.064918,501.593,40,44,2,6,0,0,0,-20.822450,40.230755,79.819702,2.299286
BOSTON CELTICS,2011-12,18.7,68.55,76.544614,9.665826,614.592,39,56,11,5,0,0,0,20.822450,76.330425,85.232428,10.762897
BROOKLYN NETS,2011-12,-16.6,37.06,65.611373,0.000000,460.719,22,24,0,0,0,0,0,-18.484100,41.266310,73.058264,0.000000
CHARLOTTE HORNETS,2011-12,-13.3,29.27,70.787864,0.721296,486.984,7,34,0,0,0,0,0,-14.809550,32.592145,78.822287,0.803163
CHICAGO BULLS,2011-12,34.2,68.37,50.463174,0.000000,731.326,50,62,2,9,0,0,0,38.081700,76.129995,56.190744,0.000000
CLEVELAND CAVALIERS,2011-12,18.6,48.62,75.210420,7.355130,525.577,21,19,0,0,0,0,0,20.711100,54.138370,83.746803,8.189937
DALLAS MAVERICKS,2011-12,13.0,49.45,57.150022,0.000000,671.050,36,57,0,16,0,1,0,14.475500,55.062575,63.636549,0.000000
DENVER NUGGETS,2011-12,12.0,47.30,66.303080,0.000000,561.966,38,50,3,1,0,0,0,13.362000,52.668550,73.828480,0.000000
DETROIT PISTONS,2011-12,7.7,41.26,56.742440,0.000000,475.638,25,30,0,0,0,0,0,8.573950,45.943010,63.182707,0.000000
GOLDEN STATE WARRIORS,2011-12,29.1,34.13,49.625800,0.000000,622.311,23,36,0,0,0,0,0,32.402850,38.003755,55.258328,0.000000
HOUSTON ROCKETS,2011-12,26.6,41.00,44.413746,0.000000,506.994,34,43,0,0,0,0,0,29.619100,45.653500,49.454706,0.000000
INDIANA PACERS,2011-12,10.9,30.59,69.573889,0.000000,467.561,42,37,6,1,0,0,0,12.137150,34.061965,77.470525,0.000000
LOS ANGELES CLIPPERS,2011-12,9.1,51.47,81.659758,19.631898,634.237,40,32,4,0,0,0,0,10.132850,57.311845,90.928141,21.860118
LOS ANGELES LAKERS,2011-12,47.8,99.25,67.958273,0.000000,626.901,41,57,5,4,0,0,1,53.225300,110.514875,75.671537,0.000000
MEMPHIS GRIZZLIES,2011-12,-12.5,22.95,78.613056,13.285600,518.256,41,46,3,7,0,0,0,-13.918750,25.554825,87.535638,14.793516
MIAMI HEAT,2011-12,14.9,67.00,66.354411,0.000000,657.855,46,58,16,14,1,0,0,16.591150,74.604500,73.885637,0.000000
MILWAUKEE BUCKS,2011-12,-0.5,46.00,55.406532,0.000000,485.717,31,35,0,0,0,0,0,-0.556750,51.221000,61.695173,0.000000
MINNESOTA TIMBERWOLVES,2011-12,-4.5,31.50,47.922417,0.000000,577.197,26,17,0,0,0,0,0,-5.010750,35.075250,53.361611,0.000000
NEW ORLEANS PELICANS,2011-12,3.3,30.49,58.480742,0.000000,498.618,21,46,0,2,0,0,0,3.674550,33.950615,65.118306,0.000000
NEW YORK KNICKS,2011-12,83.2,117.47,62.224804,0.000000,652.179,36,42,1,0,0,0,0,92.643200,130.802845,69.287319,0.000000
OKLAHOMA CITY THUNDER,2011-12,29.9,47.15,61.831253,0.000000,600.699,47,55,13,9,0,0,0,33.293650,52.501525,68.849100,0.000000
ORLANDO MAGIC,2011-12,12.0,43.65,69.263593,0.000000,623.587,37,52,1,2,0,0,0,13.362000,48.604275,77.125011,0.000000
PHILADELPHIA 76ERS,2011-12,-0.8,39.25,65.086919,0.000000,577.597,35,41,7,1,0,0,0,-0.890800,43.704875,72.474284,0.000000
PHOENIX SUNS,2011-12,13.0,60.63,64.909904,0.000000,514.718,33,40,0,0,0,0,0,14.475500,67.511505,72.277178,0.000000
PORTLAND TRAILBLAZERS,2011-12,-10.1,48.40,66.140347,0.000000,676.384,28,48,0,2,0,0,0,-11.246350,53.893400,73.647276,0.000000
SACRAMENTO KINGS,2011-12,2.6,48.17,36.652311,0.000000,478.764,22,24,0,0,0,0,0,2.895100,53.637295,40.812348,0.000000
SAN ANTONIO SPURS,2011-12,14.7,58.45,73.774561,5.201342,607.095,50,61,10,2,0,0,0,16.368450,65.084075,82.147974,5.791694
TORONTO RAPTORS,2011-12,18.8,46.98,53.148082,0.000000,555.584,23,22,0,0,0,0,0,20.933800,52.312230,59.180389,0.000000
UTAH JAZZ,2011-12,12.1,42.10,58.183391,0.000000,637.124,36,39,0,0,0,0,0,13.473350,46.878350,64.787206,0.000000
WASHINGTON WIZARDS,2011-12,1.7,23.64,68.146670,0.000000,552.038,20,23,0,0,0,0,0,1.892950,26.323140,75.881317,0.000000
ATLANTA HAWKS,2012-13,-3.6,34.75,66.492527,0.000000,620.146,44,40,2,2,0,0,0,-3.950640,38.134650,72.968899,0.000000
BOSTON CELTICS,2012-13,46.8,72.96,71.576087,1.903631,744.960,41,39,2,11,0,0,0,51.358320,80.066304,78.547598,2.089045
BROOKLYN NETS,2012-13,-19.0,55.89,83.529674,24.306688,704.702,49,22,3,0,0,0,0,-20.850600,61.333686,91.665464,26.674159
CHARLOTTE HORNETS,2012-13,7.0,29.27,57.500127,0.000000,628.293,21,7,0,0,0,0,0,7.681800,32.120898,63.100639,0.000000
CHICAGO BULLS,2012-13,52.2,71.90,74.258448,5.927172,896.944,45,50,5,2,0,0,0,57.284280,78.903060,81.491221,6.504479
CLEVELAND CAVALIERS,2012-13,10.8,47.15,53.964150,0.000000,663.882,24,21,0,0,0,0,0,11.851920,51.742410,59.220258,0.000000
DALLAS MAVERICKS,2012-13,37.5,51.80,61.941526,0.000000,821.490,41,36,0,0,0,0,1,41.152500,56.845320,67.974631,0.000000
DENVER NUGGETS,2012-13,8.0,54.23,63.970222,0.000000,730.616,57,38,2,3,0,0,0,8.779200,59.512002,70.200922,0.000000
DETROIT PISTONS,2012-13,10.3,40.10,68.565736,0.000000,606.094,29,25,0,0,0,0,0,11.303220,44.005740,75.244039,0.000000
GOLDEN STATE WARRIORS,2012-13,43.0,35.70,69.712825,0.000000,794.320,47,23,6,0,0,0,0,47.188200,39.177180,76.502854,0.000000
HOUSTON ROCKETS,2012-13,63.7,45.65,55.435438,0.000000,683.564,45,34,2,0,0,0,0,69.904380,50.096310,60.834850,0.000000
INDIANA PACERS,2012-13,11.6,31.62,66.745868,0.000000,626.069,49,42,11,6,0,0,0,12.729840,34.699788,73.246916,0.000000
LOS ANGELES CLIPPERS,2012-13,15.0,63.10,69.520697,0.000000,788.293,56,40,2,4,0,0,0,16.461000,69.245940,76.292013,0.000000
LOS ANGELES LAKERS,2012-13,66.4,100.25,99.847565,83.047406,778.877,45,41,0,5,0,0,0,72.867360,110.014350,109.572718,91.136223
MEMPHIS GRIZZLIES,2012-13,11.2,29.49,63.276388,0.000000,681.613,56,41,8,3,0,0,0,12.290880,32.362326,69.439508,0.000000
MIAMI HEAT,2012-13,29.2,72.50,83.431885,24.062215,819.290,66,46,16,16,1,1,0,32.044080,79.561500,91.558151,26.405875
MILWAUKEE BUCKS,2012-13,11.5,48.71,61.658839,0.000000,616.469,38,31,0,0,0,0,0,12.620100,53.454354,67.664410,0.000000
MINNESOTA TIMBERWOLVES,2012-13,-2.7,34.80,62.360135,0.000000,669.956,31,26,0,0,0,0,0,-2.962980,38.189520,68.434012,0.000000
NEW ORLEANS PELICANS,2012-13,11.2,29.85,63.685125,0.000000,565.930,27,21,0,0,0,0,0,12.290880,32.757390,69.888056,0.000000
NEW YORK KNICKS,2012-13,96.3,123.22,78.854599,13.708300,780.353,54,36,6,1,0,0,0,105.679620,135.221628,86.535037,15.043488
OKLAHOMA CITY THUNDER,2012-13,33.3,47.15,68.257854,0.000000,746.323,60,47,5,13,0,0,0,36.543420,51.742410,74.906169,0.000000
ORLANDO MAGIC,2012-13,12.3,41.18,66.215396,0.000000,721.414,20,37,0,1,0,0,0,13.498020,45.190932,72.664776,0.000000
PHILADELPHIA 76ERS,2012-13,-3.8,39.25,64.367073,0.000000,685.412,34,35,0,7,0,0,0,-4.170120,43.072950,70.636426,0.000000
PHOENIX SUNS,2012-13,28.2,57.28,53.234902,0.000000,632.913,25,33,0,0,0,0,0,30.946680,62.859072,58.419981,0.000000
PORTLAND TRAILBLAZERS,2012-13,30.0,48.40,58.379149,0.000000,813.012,33,28,0,0,0,0,0,32.922000,53.114160,64.065278,0.000000
SACRAMENTO KINGS,2012-13,12.5,43.32,53.575342,0.000000,563.743,28,22,0,0,0,0,0,13.717500,47.539368,58.793580,0.000000
SAN ANTONIO SPURS,2012-13,39.4,58.45,69.568331,0.000000,755.700,58,50,15,10,0,0,0,43.237560,64.143030,76.344286,0.000000
TORONTO RAPTORS,2012-13,28.8,46.13,68.081026,0.000000,743.936,34,23,0,0,0,0,0,31.605120,50.623062,74.712118,0.000000
UTAH JAZZ,2012-13,17.5,43.50,66.913862,0.000000,765.915,43,36,0,0,0,0,0,19.204500,47.736900,73.431272,0.000000
WASHINGTON WIZARDS,2012-13,7.0,32.24,58.631988,0.000000,670.070,29,20,0,0,0,0,0,7.681800,35.380176,64.342744,0.000000
ATLANTA HAWKS,2013-14,14.8,35.26,58.477559,0.000000,587.927,38,44,3,2,0,0,0,15.982520,38.077274,63.149916,0.000000
BOSTON CELTICS,2013-14,54.9,72.64,70.644150,0.000000,742.400,25,41,0,2,0,0,0,59.286510,78.443936,76.288618,0.000000
BROOKLYN NETS,2013-14,-99.4,60.50,102.928076,90.605366,707.331,44,49,5,3,0,0,0,-107.342060,65.333950,111.152029,97.844735
CHARLOTTE HORNETS,2013-14,1.2,29.27,62.824677,0.000000,636.268,43,21,0,0,0,0,0,1.295880,31.608673,67.844369,0.000000
CHICAGO BULLS,2013-14,65.3,77.65,71.073626,0.000000,890.370,48,45,1,5,0,0,0,70.517470,83.854235,76.752409,0.000000
CLEVELAND CAVALIERS,2013-14,20.6,43.31,66.179320,0.000000,710.522,33,24,0,0,0,0,0,22.245940,46.770469,71.467048,0.000000
DALLAS MAVERICKS,2013-14,30.4,51.80,68.057497,0.000000,817.982,49,41,3,0,0,0,0,32.828960,55.938820,73.495291,0.000000
DENVER NUGGETS,2013-14,14.0,53.15,65.379734,0.000000,692.898,36,57,0,2,0,0,0,15.118600,57.396685,70.603575,0.000000
DETROIT PISTONS,2013-14,17.6,40.10,61.897253,0.000000,615.238,29,29,0,0,0,0,0,19.006240,43.303990,66.842844,0.000000
GOLDEN STATE WARRIORS,2013-14,44.9,44.27,71.406068,0.000000,803.436,51,47,3,6,0,0,0,48.487510,47.807173,77.111413,0.000000
HOUSTON ROCKETS,2013-14,38.0,57.15,63.877378,0.000000,743.082,54,45,3,2,0,0,0,41.036200,61.716285,68.981181,0.000000
INDIANA PACERS,2013-14,25.0,31.62,66.639356,0.000000,717.542,56,49,10,11,0,0,0,26.997500,34.146438,71.963841,0.000000
LOS ANGELES CLIPPERS,2013-14,20.1,65.55,74.981669,4.850504,787.692,57,56,6,2,0,0,0,21.705990,70.787445,80.972704,5.238059
LOS ANGELES LAKERS,2013-14,104.1,102.25,77.089935,8.098388,771.974,27,45,0,0,0,0,0,112.417590,110.419775,83.249421,8.745449
MEMPHIS GRIZZLIES,2013-14,10.5,30.04,71.894257,0.219386,685.458,50,56,3,8,0,0,0,11.338950,32.440196,77.638608,0.236915
MIAMI HEAT,2013-14,12.6,78.30,80.645920,14.321362,811.036,54,66,13,16,0,1,1,13.606740,84.556170,87.089529,15.465639
MILWAUKEE BUCKS,2013-14,11.5,47.70,54.229524,0.000000,552.967,15,38,0,0,0,0,0,12.418850,51.511230,58.562463,0.000000
MINNESOTA TIMBERWOLVES,2013-14,6.9,35.50,68.154796,0.000000,597.157,40,31,0,0,0,0,0,7.451310,38.336450,73.600364,0.000000
NEW ORLEANS PELICANS,2013-14,19.0,26.87,66.438200,0.000000,672.029,34,27,0,0,0,0,0,20.518100,29.016913,71.746612,0.000000
NEW YORK KNICKS,2013-14,53.4,129.38,88.277907,33.722201,812.292,37,54,0,6,0,0,0,57.666660,139.717462,95.331312,36.416605
OKLAHOMA CITY THUNDER,2013-14,30.8,51.35,70.696313,0.000000,746.323,59,60,10,5,0,0,0,33.260920,55.452865,76.344948,0.000000
ORLANDO MAGIC,2013-14,20.9,39.40,53.516731,0.000000,666.046,23,20,0,0,0,0,0,22.569910,42.548060,57.792718,0.000000
PHILADELPHIA 76ERS,2013-14,24.4,39.25,53.780843,0.000000,568.632,19,34,0,0,0,0,0,26.349560,42.386075,58.077932,0.000000
PHOENIX SUNS,2013-14,28.2,57.23,53.785384,0.000000,650.739,48,25,0,0,0,0,0,30.453180,61.802677,58.082836,0.000000
PORTLAND TRAILBLAZERS,2013-14,11.7,51.30,62.699372,0.000000,809.612,54,33,5,0,0,0,0,12.634830,55.398870,67.709052,0.000000
SACRAMENTO KINGS,2013-14,8.9,43.32,62.881623,0.000000,667.949,28,28,0,0,0,0,0,9.611110,46.781268,67.905865,0.000000
SAN ANTONIO SPURS,2013-14,40.9,57.25,63.379810,0.000000,755.031,62,58,16,15,1,0,0,44.167910,61.824275,68.443857,0.000000
TORONTO RAPTORS,2013-14,17.9,48.70,68.635923,0.000000,748.339,48,34,3,0,0,0,0,19.330210,52.591130,74.119933,0.000000
UTAH JAZZ,2013-14,32.7,44.50,57.426670,0.000000,745.203,25,43,0,0,0,0,0,35.312730,48.055550,62.015061,0.000000
WASHINGTON WIZARDS,2013-14,10.1,30.31,70.301084,0.000000,698.068,44,29,6,0,0,0,0,10.906990,32.731769,75.918141,0.000000
ATLANTA HAWKS,2014-15,7.0,35.26,58.328957,0.000000,713.909,60,38,8,3,0,0,0,7.550200,38.031436,62.913613,0.000000
BOSTON CELTICS,2014-15,57.4,70.79,60.403234,0.000000,721.350,40,25,0,0,0,0,0,61.911640,76.354094,65.150928,0.000000
BROOKLYN NETS,2014-15,-5.7,66.15,88.429175,20.250440,698.529,38,44,2,5,0,0,0,-6.148020,71.349390,95.379708,21.842125
CHARLOTTE HORNETS,2014-15,3.7,30.60,65.680052,0.000000,704.886,33,43,0,0,0,0,0,3.990820,33.005160,70.842504,0.000000
CHICAGO BULLS,2014-15,67.6,82.33,67.432537,0.000000,875.091,50,48,6,1,0,0,0,72.913360,88.801138,72.732734,0.000000
CLEVELAND CAVALIERS,2014-15,24.8,43.31,81.377634,6.822951,843.042,53,33,14,0,0,0,0,26.749280,46.714166,87.773916,7.359235
DALLAS MAVERICKS,2014-15,24.3,51.80,75.014621,0.000000,827.702,50,49,1,3,0,0,0,26.209980,55.871480,80.910770,0.000000
DENVER NUGGETS,2014-15,26.3,54.00,56.142354,0.000000,602.707,30,36,0,0,0,0,0,28.367180,58.244400,60.555143,0.000000
DETROIT PISTONS,2014-15,16.0,38.80,63.871995,0.000000,625.917,32,29,0,0,0,0,0,17.257600,41.849680,68.892334,0.000000
GOLDEN STATE WARRIORS,2014-15,57.6,47.38,72.585093,0.000000,803.436,67,51,16,3,1,0,0,62.127360,51.104068,78.290281,0.000000
HOUSTON ROCKETS,2014-15,74.6,65.60,74.050249,0.000000,747.412,56,54,9,3,0,0,0,80.463560,70.756160,79.870599,0.000000
INDIANA PACERS,2014-15,19.0,32.59,74.798942,0.000000,691.434,38,56,0,10,0,0,0,20.493400,35.151574,80.678139,0.000000
LOS ANGELES CLIPPERS,2014-15,20.6,78.43,80.629773,5.701160,785.892,56,57,7,6,0,0,0,22.219160,84.594598,86.967273,6.149271
LOS ANGELES LAKERS,2014-15,133.4,102.25,70.374042,0.000000,768.244,21,27,0,0,0,0,0,143.885240,110.286850,75.905442,0.000000
MEMPHIS GRIZZLIES,2014-15,10.3,31.48,74.760326,0.000000,710.502,55,50,6,3,0,0,0,11.109580,33.954328,80.636488,0.000000
MIAMI HEAT,2014-15,20.8,78.30,75.966404,0.000000,808.223,37,54,0,13,0,0,1,22.434880,84.454380,81.937363,0.000000
MILWAUKEE BUCKS,2014-15,11.6,50.30,55.114481,0.000000,611.226,41,15,2,0,0,0,0,12.511760,54.253580,59.446479,0.000000
MINNESOTA TIMBERWOLVES,2014-15,15.1,37.27,67.919790,0.000000,595.652,16,40,0,0,0,0,0,16.286860,40.199422,73.258285,0.000000
NEW ORLEANS PELICANS,2014-15,19.7,30.20,70.413595,0.000000,683.757,45,34,0,0,0,0,0,21.248420,32.573720,75.948104,0.000000
NEW YORK KNICKS,2014-15,108.9,129.38,80.629628,5.700942,812.292,17,37,0,0,0,0,0,117.459540,139.549268,86.967117,6.149036
OKLAHOMA CITY THUNDER,2014-15,20.9,51.35,78.791633,2.943950,746.323,45,59,0,10,0,0,0,22.542740,55.386110,84.984655,3.175344
ORLANDO MAGIC,2014-15,35.4,39.40,56.016975,0.000000,688.194,25,23,0,0,0,0,0,38.182440,42.496840,60.419909,0.000000
PHILADELPHIA 76ERS,2014-15,13.9,39.25,56.832336,0.000000,571.572,18,19,0,0,0,0,0,14.992540,42.335050,61.299358,0.000000
PHOENIX SUNS,2014-15,21.8,56.10,60.237268,0.000000,693.862,39,48,0,0,0,0,0,23.513480,60.509460,64.971917,0.000000
PORTLAND TRAILBLAZERS,2014-15,4.1,52.90,72.994755,0.000000,801.733,51,54,1,5,0,0,0,4.422260,57.057940,78.732143,0.000000
SACRAMENTO KINGS,2014-15,4.2,46.32,74.176743,0.000000,680.049,29,28,0,0,0,0,0,4.530120,49.960752,80.007035,0.000000
SAN ANTONIO SPURS,2014-15,31.9,58.65,70.379233,0.000000,762.855,55,62,3,16,0,1,0,34.407340,63.259890,75.911041,0.000000
TORONTO RAPTORS,2014-15,23.5,42.94,76.096523,0.000000,809.824,49,48,0,3,0,0,0,25.347100,46.315084,82.077710,0.000000
UTAH JAZZ,2014-15,27.5,43.19,58.905618,0.000000,772.059,38,25,0,0,0,0,0,29.661500,46.584734,63.535600,0.000000
WASHINGTON WIZARDS,2014-15,2.9,32.70,73.502681,0.000000,747.796,46,44,6,6,0,0,0,3.127940,35.270220,79.279992,0.000000
ATLANTA HAWKS,2015-16,19.8,36.82,71.407945,0.000000,690.150,48,60,4,8,0,0,0,21.090960,39.220664,76.063743,0.000000
BOSTON CELTICS,2015-16,60.1,66.49,77.166671,0.000000,749.076,48,40,2,0,0,0,0,64.018520,70.825148,82.197938,0.000000
BROOKLYN NETS,2015-16,15.7,66.15,80.503847,0.000000,620.142,21,38,0,2,0,0,0,16.723640,70.462980,85.752698,0.000000
CHARLOTTE HORNETS,2015-16,9.4,30.60,78.532364,0.000000,716.894,48,33,3,0,0,0,0,10.012880,32.595120,83.652674,0.000000
CHICAGO BULLS,2015-16,45.5,82.33,102.184130,36.693426,894.659,42,50,0,6,0,0,0,48.466600,87.697916,108.846535,39.085837
CLEVELAND CAVALIERS,2015-16,-40.2,48.12,107.028354,53.581331,843.042,57,53,16,14,1,0,0,-42.821040,51.257424,114.006603,57.074834
DALLAS MAVERICKS,2015-16,40.3,49.76,73.096861,0.000000,825.901,42,50,1,1,0,0,0,42.927560,53.004352,77.862776,0.000000
DENVER NUGGETS,2015-16,21.2,52.38,71.448753,0.000000,577.898,33,30,0,0,0,0,0,22.582240,55.795176,76.107212,0.000000
DETROIT PISTONS,2015-16,21.8,31.42,75.603690,0.000000,677.138,44,32,0,0,0,0,0,23.221360,33.468584,80.533051,0.000000
GOLDEN STATE WARRIORS,2015-16,74.2,79.84,95.879899,19.099750,803.436,73,67,15,16,0,1,0,79.037840,85.045568,102.131268,20.345054
HOUSTON ROCKETS,2015-16,62.7,67.24,88.387446,5.471169,737.244,41,56,1,9,0,0,0,66.788040,71.624048,94.150307,5.827889
INDIANA PACERS,2015-16,23.9,38.97,72.413726,0.000000,690.733,45,38,3,0,0,0,0,25.458280,41.510844,77.135101,0.000000
LOS ANGELES CLIPPERS,2015-16,-11.8,79.83,96.140524,19.751313,786.910,53,56,2,7,0,0,0,-12.569360,85.034916,102.408886,21.039099
LOS ANGELES LAKERS,2015-16,119.2,103.27,71.965372,0.000000,778.877,17,21,0,0,0,0,0,126.971840,110.003204,76.657514,0.000000
MEMPHIS GRIZZLIES,2015-16,10.0,31.48,83.382043,0.000000,684.603,42,55,0,6,0,0,0,10.652000,33.532496,88.818552,0.000000
MIAMI HEAT,2015-16,21.1,76.73,84.629571,0.000000,809.350,48,37,7,0,0,0,0,22.475720,81.732796,90.147419,0.000000
MILWAUKEE BUCKS,2015-16,24.0,50.30,70.579512,0.000000,621.808,33,41,0,2,0,0,0,25.564800,53.579560,75.181296,0.000000
MINNESOTA TIMBERWOLVES,2015-16,25.9,37.27,70.652855,0.000000,581.178,29,16,0,0,0,0,0,27.588680,39.700004,75.259421,0.000000
NEW ORLEANS PELICANS,2015-16,16.7,30.20,81.425760,0.000000,688.549,30,45,0,0,0,0,0,17.788840,32.169040,86.734720,0.000000
NEW YORK KNICKS,2015-16,141.2,129.38,59.812260,0.000000,812.292,32,17,0,0,0,0,0,150.406240,137.815576,63.712019,0.000000
OKLAHOMA CITY THUNDER,2015-16,-8.4,55.10,93.765298,14.544273,746.323,55,45,11,0,0,0,0,-8.947680,58.692520,99.878795,15.492560
ORLANDO MAGIC,2015-16,44.7,39.40,64.462856,0.000000,719.275,35,25,0,0,0,0,0,47.614440,41.968880,68.665834,0.000000
PHILADELPHIA 76ERS,2015-16,18.2,38.46,62.424777,0.000000,610.121,10,18,0,0,0,0,0,19.386640,40.967592,66.494872,0.000000
PHOENIX SUNS,2015-16,26.3,56.10,73.443637,0.000000,701.405,23,39,0,0,0,0,0,28.014760,59.757720,78.232162,0.000000
PORTLAND TRAILBLAZERS,2015-16,41.2,53.43,62.486866,0.000000,794.085,44,51,5,1,0,0,0,43.886240,56.913636,66.561010,0.000000
SACRAMENTO KINGS,2015-16,18.4,47.89,72.671296,0.000000,707.526,33,29,0,0,0,0,0,19.599680,51.012428,77.409464,0.000000
SAN ANTONIO SPURS,2015-16,18.4,54.88,87.594996,4.282494,756.445,67,55,6,3,0,0,1,19.599680,58.458176,93.306190,4.561713
TORONTO RAPTORS,2015-16,46.1,48.11,72.314887,0.000000,812.863,56,49,10,0,0,0,0,49.105720,51.246772,77.029818,0.000000
UTAH JAZZ,2015-16,36.0,43.19,64.817873,0.000000,791.489,40,38,0,0,0,0,0,38.347200,46.005988,69.043998,0.000000
WASHINGTON WIZARDS,2015-16,6.6,51.21,85.238838,0.748257,725.426,41,46,0,6,0,0,0,7.030320,54.548892,90.796410,0.797043
ATLANTA HAWKS,2016-17,22.0,47.73,95.576245,0.000000,654.306,43,48,2,4,0,0,0,22.946000,49.777175,99.686024,0.000000
BOSTON CELTICS,2016-17,85.0,79.91,93.035161,0.000000,760.690,53,48,9,2,0,0,0,88.655000,83.346130,97.035673,0.000000
BROOKLYN NETS,2016-17,52.0,62.11,83.753138,0.000000,632.608,20,21,0,0,0,0,0,54.236000,64.780730,87.354523,0.000000
CHARLOTTE HORNETS,2016-17,21.0,31.33,102.068166,0.000000,710.643,36,48,0,3,0,0,0,21.903000,32.671975,106.457097,0.000000
CHICAGO BULLS,2016-17,95.0,97.75,93.281333,0.000000,888.882,41,42,2,0,0,0,0,99.085000,101.953250,97.292430,0.000000
CLEVELAND CAVALIERS,2016-17,-6.2,70.95,126.590785,24.509465,843.042,51,57,13,16,0,1,0,-6.466600,73.995635,132.034189,25.563372
DALLAS MAVERICKS,2016-17,21.0,62.05,105.673612,0.000000,811.366,33,42,0,1,0,0,0,21.903000,64.718150,110.217577,0.000000
DENVER NUGGETS,2016-17,49.0,53.26,82.581936,0.000000,605.585,40,33,0,0,0,0,0,51.107000,55.550180,86.132959,0.000000
DETROIT PISTONS,2016-17,22.0,43.25,107.901937,0.000000,655.141,37,44,0,0,0,0,0,22.946000,45.104535,112.541720,0.000000
GOLDEN STATE WARRIORS,2016-17,120.0,96.24,100.255533,0.000000,803.436,67,73,16,15,1,0,1,125.160000,100.378320,104.566521,0.000000
HOUSTON ROCKETS,2016-17,95.0,82.98,91.492845,0.000000,695.903,55,41,6,1,0,0,0,99.085000,86.542925,95.427037,0.000000
INDIANA PACERS,2016-17,29.0,44.54,94.002004,0.000000,684.578,42,45,0,3,0,0,0,30.247000,46.450005,98.044090,0.000000
LOS ANGELES CLIPPERS,2016-17,35.0,83.78,115.507492,3.330738,782.609,51,53,3,2,0,0,0,36.505000,87.382540,120.474314,3.473960
LOS ANGELES LAKERS,2016-17,136.0,115.38,94.204120,0.000000,776.917,26,17,0,0,0,0,0,141.848000,120.341340,98.254897,0.000000
MEMPHIS GRIZZLIES,2016-17,15.0,32.88,110.869863,0.000000,677.314,43,42,2,0,0,0,0,15.645000,34.288625,115.637267,0.000000
MIAMI HEAT,2016-17,63.0,74.82,101.846108,0.000000,805.400,41,48,0,7,0,0,0,65.709000,78.032045,106.225491,0.000000
MILWAUKEE BUCKS,2016-17,20.0,28.04,92.710827,0.000000,648.952,42,33,2,0,0,0,0,20.860000,29.245720,96.697393,0.000000
MINNESOTA TIMBERWOLVES,2016-17,53.0,39.56,69.605957,0.000000,607.203,31,29,0,0,0,0,0,55.279000,41.255865,72.599013,0.000000
NEW ORLEANS PELICANS,2016-17,37.0,31.96,101.485185,0.000000,663.099,34,30,0,0,0,0,0,38.591000,33.334280,105.849048,0.000000
NEW YORK KNICKS,2016-17,140.0,150.29,86.487353,0.000000,810.741,31,32,0,0,0,0,0,146.020000,156.752470,90.206309,0.000000
OKLAHOMA CITY THUNDER,2016-17,64.0,56.47,91.776909,0.000000,746.323,47,55,1,11,0,0,0,66.752000,58.898210,95.723316,0.000000
ORLANDO MAGIC,2016-17,39.0,44.93,104.208445,0.000000,727.875,29,35,0,0,0,0,0,40.677000,46.861990,108.689408,0.000000
PHILADELPHIA 76ERS,2016-17,40.0,48.72,85.945765,0.000000,710.557,28,10,0,0,0,0,0,41.720000,50.809745,89.641433,0.000000
PHOENIX SUNS,2016-17,31.0,56.44,85.055253,0.000000,708.639,24,23,0,0,0,0,0,32.333000,58.866920,88.712629,0.000000
PORTLAND TRAILBLAZERS,2016-17,25.0,59.24,113.282538,0.000000,792.029,41,44,0,5,0,0,0,26.075000,61.787320,118.153687,0.000000
SACRAMENTO KINGS,2016-17,50.0,68.49,95.476870,0.000000,721.928,32,33,0,0,0,0,0,52.150000,71.429855,99.582375,0.000000
SAN ANTONIO SPURS,2016-17,59.0,59.67,108.809101,0.000000,755.347,61,67,8,6,0,0,0,61.537000,62.235810,113.487892,0.000000
TORONTO RAPTORS,2016-17,51.0,57.16,108.895146,0.000000,813.050,51,56,4,10,0,0,0,53.193000,59.617880,113.577637,0.000000
UTAH JAZZ,2016-17,61.0,45.36,80.498192,0.000000,806.605,51,40,4,0,0,0,0,63.623000,47.310480,83.959614,0.000000
WASHINGTON WIZARDS,2016-17,21.0,44.23,103.211636,0.000000,697.107,49,41,7,0,0,0,0,21.903000,46.126675,107.649736,0.000000
ATLANTA HAWKS,2017-18,42.0,58.63,100.108457,0.000000,590.769,24,43,0,2,0,0,0,42.739200,59.661888,101.870366,0.000000
BOSTON CELTICS,2017-18,100.0,93.33,115.731460,0.000000,744.960,55,53,11,9,0,0,0,101.760000,94.972608,117.768334,0.000000
BROOKLYN NETS,2017-18,53.0,58.07,96.123331,0.000000,622.278,28,20,0,0,0,0,0,53.932800,59.092032,97.815102,0.000000
CHARLOTTE HORNETS,2017-18,22.0,32.05,117.228164,0.000000,671.404,36,36,0,0,0,0,0,22.387200,32.614080,119.291380,0.000000
CHICAGO BULLS,2017-18,114.0,113.17,90.105625,0.000000,851.824,27,41,0,2,0,0,0,116.006400,115.161792,91.691484,0.000000
CLEVELAND CAVALIERS,2017-18,-13.0,93.77,135.980450,51.036417,843.042,50,51,12,13,0,0,1,-13.228800,95.420352,138.373706,51.934658
DALLAS MAVERICKS,2017-18,99.0,74.34,85.464575,0.000000,811.453,24,33,0,0,0,0,0,100.742400,75.648384,86.968752,0.000000
DENVER NUGGETS,2017-18,47.0,54.14,106.515203,0.000000,702.796,46,40,0,0,0,0,0,47.827200,55.092864,108.389871,0.000000
DETROIT PISTONS,2017-18,52.0,55.07,118.897722,0.000000,713.945,39,37,0,0,0,0,0,52.915200,56.039232,120.990322,0.000000
GOLDEN STATE WARRIORS,2017-18,103.0,112.64,136.027513,34.474921,803.436,58,67,16,16,1,1,0,104.812800,114.622464,138.421597,35.081680
HOUSTON ROCKETS,2017-18,103.0,98.71,118.271451,0.000000,716.008,65,55,11,6,0,0,0,104.812800,100.447296,120.353029,0.000000
INDIANA PACERS,2017-18,50.0,50.10,93.661969,0.000000,658.119,48,42,3,0,0,0,0,50.880000,50.981760,95.310420,0.000000
LOS ANGELES CLIPPERS,2017-18,40.0,87.73,118.817049,0.000000,697.812,42,51,0,3,0,0,0,40.704000,89.274048,120.908229,0.000000
LOS ANGELES LAKERS,2017-18,147.0,127.49,102.177393,0.000000,776.327,35,26,0,0,0,0,0,149.587200,129.733824,103.975715,0.000000
MEMPHIS GRIZZLIES,2017-18,27.0,34.27,109.902725,0.000000,653.863,22,43,0,2,0,0,0,27.475200,34.873152,111.837013,0.000000
MIAMI HEAT,2017-18,40.0,72.90,105.065917,0.000000,785.250,44,41,1,0,0,0,0,40.704000,74.183040,106.915077,0.000000
MILWAUKEE BUCKS,2017-18,25.0,5.78,116.214360,0.000000,685.303,44,42,3,2,0,0,0,25.440000,5.881728,118.259733,0.000000
MINNESOTA TIMBERWOLVES,2017-18,47.0,41.84,105.338698,0.000000,699.308,47,31,0,0,0,0,0,47.827200,42.576384,107.192659,0.000000
NEW ORLEANS PELICANS,2017-18,29.0,33.72,118.813359,0.000000,673.920,48,34,5,0,0,0,0,29.510400,34.313472,120.904474,0.000000
NEW YORK KNICKS,2017-18,155.0,171.20,104.405156,0.000000,792.608,29,31,0,0,0,0,0,157.728000,174.213120,106.242687,0.000000
OKLAHOMA CITY THUNDER,2017-18,10.0,57.84,132.920346,25.385868,746.323,48,47,2,1,0,0,0,10.176000,58.857984,135.259744,25.832659
ORLANDO MAGIC,2017-18,64.0,50.46,95.538311,0.000000,715.728,25,29,0,0,0,0,0,65.126400,51.348096,97.219785,0.000000
PHILADELPHIA 76ERS,2017-18,68.0,58.97,100.020936,0.000000,833.503,52,28,5,0,0,0,0,69.196800,60.007872,101.781304,0.000000
PHOENIX SUNS,2017-18,47.0,56.78,92.677405,0.000000,674.655,21,24,0,0,0,0,0,47.827200,57.779328,94.308527,0.000000
PORTLAND TRAILBLAZERS,2017-18,40.0,65.05,119.265261,0.000000,795.328,49,41,0,0,0,0,0,40.704000,66.194880,121.364330,0.000000
SACRAMENTO KINGS,2017-18,72.0,89.08,95.682824,0.000000,649.571,27,32,0,0,0,0,0,73.267200,90.647808,97.366842,0.000000
SAN ANTONIO SPURS,2017-18,63.0,64.46,116.968092,0.000000,754.562,47,61,1,8,0,0,0,64.108800,65.594496,119.026730,0.000000
TORONTO RAPTORS,2017-18,76.0,66.21,116.583186,0.000000,813.431,59,51,4,4,0,0,0,77.337600,67.375296,118.635050,0.000000
UTAH JAZZ,2017-18,59.0,47.53,106.862254,0.000000,734.806,48,51,5,4,0,0,0,60.038400,48.366528,108.743030,0.000000
WASHINGTON WIZARDS,2017-18,34.0,37.24,124.114043,7.272065,718.946,43,49,2,7,0,0,0,34.598400,37.895424,126.298450,7.400053
ATLANTA HAWKS,2018-19,78.0,60.44,103.686836,0.000000,628.440,29,24,0,0,0,0,0,78.000000,60.440000,103.686836,0.000000
BOSTON CELTICS,2018-19,88.0,100.79,126.313549,3.870824,763.584,49,55,5,11,0,0,0,88.000000,100.790000,126.313549,3.870824
BROOKLYN NETS,2018-19,42.0,61.65,117.647794,0.000000,612.597,42,28,1,0,0,0,0,42.000000,61.650000,117.647794,0.000000
CHARLOTTE HORNETS,2018-19,39.0,32.05,121.810182,0.000000,676.570,39,36,0,0,0,0,0,39.000000,32.050000,121.810182,0.000000
CHICAGO BULLS,2018-19,103.0,113.17,112.026072,0.000000,823.475,22,27,0,0,0,0,0,103.000000,113.170000,112.026072,0.000000
CLEVELAND CAVALIERS,2018-19,39.0,93.77,123.697967,0.000000,793.337,19,50,0,12,0,0,0,39.000000,93.770000,123.697967,0.000000
DALLAS MAVERICKS,2018-19,105.0,74.34,88.434197,0.000000,820.569,33,24,0,0,0,0,0,105.000000,74.340000,88.434197,0.000000
DENVER NUGGETS,2018-19,52.0,54.63,116.799912,0.000000,756.457,54,46,7,0,0,0,0,52.000000,54.630000,116.799912,0.000000
DETROIT PISTONS,2018-19,52.0,54.10,123.481463,0.000000,675.963,41,39,0,0,0,0,0,52.000000,54.100000,123.481463,0.000000
GOLDEN STATE WARRIORS,2018-19,109.0,125.43,145.463097,51.487868,803.436,57,58,14,16,1,1,1,109.000000,125.430000,145.463097,51.487868
HOUSTON ROCKETS,2018-19,110.0,108.35,121.818799,0.000000,740.392,53,65,6,11,0,0,0,110.000000,108.350000,121.818799,0.000000
INDIANA PACERS,2018-19,55.0,50.91,110.579462,0.000000,689.310,48,48,0,3,0,0,0,55.000000,50.910000,110.579462,0.000000
LOS ANGELES CLIPPERS,2018-19,73.0,87.73,118.646874,0.000000,710.327,48,42,2,0,0,0,0,73.000000,87.730000,118.646874,0.000000
LOS ANGELES LAKERS,2018-19,178.0,140.41,105.179629,0.000000,778.877,37,35,0,0,0,0,0,178.000000,140.410000,105.179629,0.000000
MEMPHIS GRIZZLIES,2018-19,24.0,34.27,122.076384,0.000000,607.564,33,22,0,0,0,0,0,24.000000,34.270000,122.076384,0.000000
MIAMI HEAT,2018-19,58.0,72.90,123.178641,0.000000,805.264,39,44,0,1,0,0,0,58.000000,72.900000,123.178641,0.000000
MILWAUKEE BUCKS,2018-19,69.0,6.39,122.368320,0.000000,721.692,60,44,10,3,0,0,0,69.000000,6.390000,122.368320,0.000000
MINNESOTA TIMBERWOLVES,2018-19,46.0,43.58,120.431914,0.000000,627.543,36,47,0,0,0,0,0,46.000000,43.580000,120.431914,0.000000
NEW ORLEANS PELICANS,2018-19,49.0,35.61,115.358553,0.000000,656.183,33,48,0,5,0,0,0,49.000000,35.610000,115.358553,0.000000
NEW YORK KNICKS,2018-19,157.0,180.78,123.265800,0.000000,779.087,17,29,0,0,0,0,0,157.000000,180.780000,123.265800,0.000000
OKLAHOMA CITY THUNDER,2018-19,-23.0,60.82,142.857060,61.277259,746.323,49,48,1,2,0,0,0,-23.000000,60.820000,142.857060,61.277259
ORLANDO MAGIC,2018-19,70.0,52.73,114.671036,0.000000,720.024,42,25,1,0,0,0,0,70.000000,52.730000,114.671036,0.000000
PHILADELPHIA 76ERS,2018-19,90.0,65.60,111.962081,0.000000,838.092,51,52,7,5,0,0,0,90.000000,65.600000,111.962081,0.000000
PHOENIX SUNS,2018-19,42.0,57.07,108.491880,0.000000,627.023,19,21,0,0,0,0,0,42.000000,57.070000,108.491880,0.000000
PORTLAND TRAILBLAZERS,2018-19,51.0,65.71,133.096018,15.135283,799.345,53,49,8,0,0,0,0,51.000000,65.710000,133.096018,15.135283
SACRAMENTO KINGS,2018-19,81.0,89.08,104.114641,0.000000,700.975,39,27,0,0,0,0,0,81.000000,89.080000,104.114641,0.000000
SAN ANTONIO SPURS,2018-19,66.0,70.52,121.745335,0.000000,750.616,48,47,3,1,0,0,0,66.000000,70.520000,121.745335,0.000000
TORONTO RAPTORS,2018-19,79.0,70.89,137.326477,25.233695,812.822,58,59,16,4,1,0,0,79.000000,70.890000,137.326477,25.233695
UTAH JAZZ,2018-19,63.0,49.25,113.437858,0.000000,750.546,50,48,0,5,0,0,0,63.000000,49.250000,113.437858,0.000000
WASHINGTON WIZARDS,2018-19,55.0,41.84,123.613751,0.000000,716.996,32,43,1,2,0,0,0,55.000000,41.840000,123.613751,0.000000